#tmp_honbun	æ¬æã¸ã¹ã­ãããã¾ãã
/index.html	é·éå¸
javascript:void(0);	å¸æ°
javascript:void(0);	å­ã©ãã»è¥è
javascript:void(0);	é«é½¢è
javascript:void(0);	äºæ¥­è
/menu/8/index.html	å¸æ¿æ å ±
/mynews/index.html	ãã¥ã¼ã¹
/sitemap.html	æ¤ç´¢
javascript:void(0);	éãã
/sitemap.html	MENU
javascript:void(0);	éãã
/menu/1/index.html	é²ç½ã»å®å ¨
/menu/2/index.html	ãããã»æç¶ã
/menu/3/index.html	å­è²ã¦ã»æè²
/menu/4/index.html	å¥åº·ã»å»çã»ç¦ç¥
/menu/5/index.html	è¦³å ã»æåã»ã¹ãã¼ã
/menu/6/index.html	ã¾ã¡ã¥ããã»åæ¨ã»å»ºç¯
/menu/7/index.html	ããã¨ã»ç£æ¥­
javascript:void(0)	é²è¦§æ¯æ´
/language.html	Language
/kinkyu/index.html	ç·æ¥æ å ±
/kinkyu/index.html	ç·æ¥æ å ±ä¸è¦§
javascript:void(0)	éãã
/miryoku/index.html	é·éå¸ã®é­ å
/index.html	å¸æ°åããµã¼ãã¹
/index.html	ãã¼ã
/menu/3/index.html	å­ã©ãã»è¥è ã»æè²
/kosodate/index.html	ãªãã®å­è²ã¦
/n106500/kosodate/p001517.html	èå å¿ã¨ã³ã¼æ¤æ»ã®è²»ç¨å©æ
/n106500/contents/p005619.html	å¦å©¦ãæ¥ç¨®ããRSã¦ã¤ã«ã¹ã¯ã¯ãã³
/n106500/kosodate/p001433.html	å¦å©¦ã®ããã®æ¯æ´çµ¦ä»
/n106500/kosodate/p001428.html	å¦å¨ ãããã¨ãããã£ããæ¯å­å¥åº·æå¸³ãåãåãã¾ããã
/n106500/contents/p005582.html	ä½æå¾ã®å¦å©¦ã«å¯¾ããååç£ç§åè¨ºæå©æå¶åº¦
/n106500/kosodate/p001511.html	æ°çå è´è¦æ¤æ»ãé·éçå¤ã®å»çæ©é¢ç­ã§åæ¤ããæ¹ã¸
/n106500/kosodate/p001423.html	å¦å©¦æ­¯ç§å¥åº·è¨ºæ»
/n102000/kosodate/p001424.html	ç£ç§å»çè£åå¶åº¦
/n116000/kosodate/p001425.html	å©ç£äºæ¥­
/n106500/kosodate/p001426.html	å¦å¨ ã»åºç£å æ¬æ¯æ´äºæ¥­ï¼ãªãã®çãã¦ãã©ï¼
/n106500/kosodate/p001427.html	ãã¿ããã£ãã¼ã¯ããå­ç¥ã§ããï¼
/n106500/kosodate/p001429.html	ç£å©¦å¥åº·è¨ºæ»ãé·éçå¤ã®å»çæ©é¢ç­ã§åè¨ºããæ¹ã¸
/n106500/kosodate/p001430.html	å¦å©¦ä¸è¬å¥åº·è¨ºæ»ãé·éçå¤ã®å»çæ©é¢ç­ã§åè¨ºããæ¹ã¸
/kosodate/index.html	ãªãã®å­è²ã¦
/n115500/contents/p106174.html	é·éå¸ããã©ãã¾ããªãå¿æ´ãµãã¼ã¿ã¼ãå®£è¨
/n115500/contents/p106165.html	é·éå¸å­ã©ãã®æ¨©å©ç¸è«å®¤
/n115500/contents/p006182.html	é·éå¸å­ã©ãã®æ¨©å©æ¡ä¾
/kosodate/menu/chumoku/index.html	æ³¨ç®æ å ±ä¸è¦§
/kosodate/menu/1/index.html	å­è²ã¦ã¬ã¤ãããã¯ãã¢ããªã®ç´¹ä»
/kosodate/menu/2/index.html	å¦å¨ ãå¸æãããæ¹ã¸
/kosodate/menu/3/index.html	å¦å¨ ã»åºç£
/kosodate/menu/4/index.html	èµ¤ã¡ãããçã¾ããã
/kosodate/menu/5/index.html	æå®¤ã»è¬åº§ã»ã»ããã¼
/kosodate/menu/6/index.html	ä¹³å¹¼å å¥è¨ºã»å­ã©ãã®äºé²æ¥ç¨®
/kosodate/menu/7/index.html	æå½ã»çµ¦ä»
/kosodate/menu/8/index.html	å°ããã¨ããã£ããï¼åç¨®ç¸è«ï¼
/kosodate/menu/9/index.html	ä¸æé ãã
/kosodate/menu/10/index.html	å­è²ã¦æ¯æ´å¶åº¦
/kosodate/menu/11/index.html	ä¸ç·ã«ãã§ãã
/kosodate/menu/12/index.html	æè²ã»ä¿è²æ½è¨­ç­
#tmp_header	ãã¼ã¸ã®å é ­ã¸æ»ã
/n042000/contents/p004768.html	ãªã³ã¯é
/userguide.html	ã¯ããã¦ã®æ¹ã¸
/aboutwebsite.html	ã¦ã§ãã¢ã¯ã»ã·ããªãã£
/sitemap.html	ãµã¤ãããã
/n042000/contents/p004766.html	åäººæ å ±ã®ä¿è­·
/n042000/contents/p004765.html	å è²¬äºé
/site_policy.html	èä½æ¨©ç­
/contents/p005615.html	å¸å½¹ææ¡å