/lifescene/sumai/index.html	引越し・住まい
../../../kodomo/index.html	子ども・子育て・教育
../../../kurashi/juutaku/index.html	住まい・上下水道
../../../kurashi/juutaku/1014710/1047390/1043856.html	国等の補助・助成・融資・減税制度
../../../kurashi/juutaku/1014710/1014581.html	子どもあんしん住まいる補助金
../../../kurashi/juutaku/1014710/1043860.html	バリアフリー化に関する補助
../../../kurashi/kankyou/1012424/1012443/1012445.html	住宅等の脱炭素化促進補助（太陽光発電・断熱窓改修など）
../../../bousai/anzen/1034530/1014550/1034531/index.html	空き家に関する補助制度
../../../jigyou/douro/1026345/1026346.html	みどりの補助金（民有地緑化助成）
../../../bousaiportal/taisaku/1036440/1013557.html	感震ブレーカー設置促進助成
../../../jigyou/toshikeikaku/1018015/1018021/1018682/1034617.html	吹付けアスベスト対策補助
../../../shisei/keikaku/1009818/1009928/1009952/1010021/1010022.html	木造住宅密集地域改善助成
../../../jigyou/toshikeikaku/1018015/1018021/1018621/index.html	土砂災害特別警戒区域内の住宅等に対する補助
../../../kurashi/juutaku/1014710/1014582.html	良質な中古住宅を取得する際の融資に対する利子補給制度のご案内
../../../kurashi/juutaku/1014710/1014642.html	名古屋市グリーンリフォームローンS融資利子補給制度等のご案内
../../../kurashi/juutaku/1014710/1014649/1010102/index.html	住宅・建築物の耐震化
../../../kurashi/juutaku/1014710/1014649/1034739/index.html	木造住宅の耐震対策助成
../../../kurashi/juutaku/1014710/1014649/1034740/index.html	非木造住宅の耐震対策助成
../../../kurashi/juutaku/1014710/1014649/1034012.html	建物の耐震対策についてご案内
../../../kurashi/juutaku/1014710/1014649/1042629/index.html	多数の者が利用する建築物の耐震対策助成
../../../kurashi/juutaku/1014710/1014649/1042630/index.html	耐震診断義務付け対象建築物の耐震対策助成
../../../kurashi/juutaku/index.html	住まい・上下水道
../../../kurashi/juutaku/1045382.html	あいち住まいるフェア2026
../../../kurashi/juutaku/1014583/index.html	住まいを探す
../../../kurashi/juutaku/1014713/index.html	住まいに関する相談窓口
../../../kurashi/juutaku/1034736/index.html	より良い住まいづくりに役立つ知識
../../../kurashi/juutaku/1014573/index.html	住まいに関する計画・施策