keyword,category,audience,volume_est,difficulty,intent,competitor_top3,our_status,target_slug,memo,updated_at
在留資格,nyukan,for-individual,,,,,idea,,taxonomy seed (P0),2026-08-17
永住許可,nyukan,for-individual,,,,,idea,,taxonomy seed (P0),2026-08-17
帰化申請,nyukan,for-individual,,,,,idea,,taxonomy seed (P0),2026-08-17
育成就労,nyukan,for-individual,,,,,idea,,taxonomy seed (P0),2026-08-17
特定技能,nyukan,for-individual,,,,,idea,,taxonomy seed (P0),2026-08-17
技術・人文知識・国際業務,nyukan,for-individual,,,,,idea,,taxonomy seed (P0),2026-08-17
経営・管理,nyukan,for-individual,,,,,idea,,taxonomy seed (P0),2026-08-17
配偶者ビザ,nyukan,for-individual,,,,,idea,,taxonomy seed (P0),2026-08-17
会社設立,houjin,for-individual,,,,,idea,,taxonomy seed (P1),2026-08-17
合同会社 設立,houjin,for-individual,,,,,idea,,taxonomy seed (P1),2026-08-17
定款認証,houjin,for-individual,,,,,idea,,taxonomy seed (P1),2026-08-17
一般社団法人,houjin,for-individual,,,,,idea,,taxonomy seed (P1),2026-08-17
NPO法人,houjin,for-individual,,,,,idea,,taxonomy seed (P1),2026-08-17
建設業許可,kyoninka,for-individual,,,,,idea,,taxonomy seed (P1),2026-08-17
飲食店営業許可,kyoninka,for-individual,,,,,idea,,taxonomy seed (P1),2026-08-17
古物商許可,kyoninka,for-individual,,,,,idea,,taxonomy seed (P1),2026-08-17
風俗営業許可,kyoninka,for-individual,,,,,idea,,taxonomy seed (P1),2026-08-17
産業廃棄物,kyoninka,for-individual,,,,,idea,,taxonomy seed (P1),2026-08-17
遺産分割協議書,souzoku,for-individual,,,,,idea,,taxonomy seed (P1),2026-08-17
相続手続き,souzoku,for-individual,,,,,idea,,taxonomy seed (P1),2026-08-17
遺言書 作成,souzoku,for-individual,,,,,idea,,taxonomy seed (P1),2026-08-17
相続放棄,souzoku,for-individual,,,,,idea,,taxonomy seed (P1),2026-08-17
法定相続情報,souzoku,for-individual,,,,,idea,,taxonomy seed (P1),2026-08-17
補助金 申請,hojokin,for-individual,,,,,idea,,taxonomy seed (P2),2026-08-17
小規模事業者持続化補助金,hojokin,for-individual,,,,,idea,,taxonomy seed (P2),2026-08-17
ものづくり補助金,hojokin,for-individual,,,,,idea,,taxonomy seed (P2),2026-08-17
助成金,hojokin,for-individual,,,,,idea,,taxonomy seed (P2),2026-08-17
車庫証明,jidosha,for-individual,,,,,idea,,taxonomy seed (P2),2026-08-17
名義変更,jidosha,for-individual,,,,,idea,,taxonomy seed (P2),2026-08-17
自動車登録,jidosha,for-individual,,,,,idea,,taxonomy seed (P2),2026-08-17
運送業許可,jidosha,for-individual,,,,,idea,,taxonomy seed (P2),2026-08-17
貨物利用運送,jidosha,for-individual,,,,,idea,,taxonomy seed (P2),2026-08-17
契約書 作成,keiyaku,for-individual,,,,,idea,,taxonomy seed (P2),2026-08-17
内容証明,keiyaku,for-individual,,,,,idea,,taxonomy seed (P2),2026-08-17
離婚協議書,keiyaku,for-individual,,,,,idea,,taxonomy seed (P2),2026-08-17
示談書,keiyaku,for-individual,,,,,idea,,taxonomy seed (P2),2026-08-17
公正証書,keiyaku,for-individual,,,,,idea,,taxonomy seed (P2),2026-08-17
ドローン 飛行許可,shinryoiki,for-individual,,,,,idea,,taxonomy seed (P3),2026-08-17
動物取扱業,shinryoiki,for-individual,,,,,idea,,taxonomy seed (P3),2026-08-17
民泊 許可,shinryoiki,for-individual,,,,,idea,,taxonomy seed (P3),2026-08-17
電気通信事業届出,shinryoiki,for-individual,,,,,idea,,taxonomy seed (P3),2026-08-17
永住 ガイドライン 改定,nyukan,for-individual,,,,,drafted,eiju-guideline-kaitei-2026,article targetKeywords,2026-08-17
永住許可 2026 改正,nyukan,for-individual,,,,,drafted,eiju-guideline-kaitei-2026,article targetKeywords,2026-08-17
永住 要件 変更,nyukan,for-individual,,,,,drafted,eiju-guideline-kaitei-2026,article targetKeywords,2026-08-17
永住 パブコメ,nyukan,for-individual,,,,,drafted,eiju-pubcomme-2026,article targetKeywords,2026-08-17
パブリックコメント 出し方,nyukan,for-individual,,,,,drafted,eiju-pubcomme-2026,article targetKeywords,2026-08-17
永住 ガイドライン 意見,nyukan,for-individual,,,,,drafted,eiju-pubcomme-2026,article targetKeywords,2026-08-17
